{"cameraMode":{"drawMode":0,"name":"Shaded","section":"Shading Mode"},"sceneLighting":false,"audioPlay":false,"sceneViewState":{"showFog":true,"showMaterialUpdate":true,"showSkybox":false,"showFlares":true,"showImageEffects":true,"showParticleSystems":true},"in2DMode":false,"pivot":{"x":-19.807226181030275,"y":1.1547828912734986,"z":-39.65835189819336},"rotation":{"x":-0.000944427854847163,"y":-0.9606953859329224,"z":0.0031712958589196207,"w":-0.2777039408683777},"size":8.014065742492676,"orthographic":false}