{"cameraMode":{"drawMode":0,"name":"Shaded","section":"Shading Mode"},"sceneLighting":false,"audioPlay":false,"sceneViewState":{"showFog":true,"showMaterialUpdate":true,"showSkybox":false,"showFlares":true,"showImageEffects":true,"showParticleSystems":true},"in2DMode":false,"pivot":{"x":41.05805206298828,"y":0.3090825080871582,"z":-15.715930938720704},"rotation":{"x":-0.3715146780014038,"y":0.09638798236846924,"z":-0.03882571682333946,"w":-0.9226238131523132},"size":5.03568696975708,"orthographic":false}