{"cameraMode":{"drawMode":0,"name":"Shaded","section":"Shading Mode"},"sceneLighting":false,"audioPlay":false,"sceneViewState":{"showFog":true,"showMaterialUpdate":true,"showSkybox":false,"showFlares":true,"showImageEffects":true,"showParticleSystems":true},"in2DMode":false,"pivot":{"x":24.0,"y":8.640962600708008,"z":-9.5367431640625e-7},"rotation":{"x":0.23616249859333039,"y":-0.12061618268489838,"z":0.029561156406998636,"w":0.9637590050697327},"size":55.105525970458987,"orthographic":false}