{"cameraMode":{"drawMode":0,"name":"Shaded","section":"Shading Mode"},"sceneLighting":true,"audioPlay":false,"sceneViewState":{"showFog":true,"showMaterialUpdate":true,"showSkybox":true,"showFlares":true,"showImageEffects":true,"showParticleSystems":true},"in2DMode":false,"pivot":{"x":29.104068756103517,"y":0.36147308349609377,"z":43.010894775390628},"rotation":{"x":-0.20582537353038789,"y":0.009383815340697766,"z":-0.0020299218595027925,"w":-0.9785853028297424},"size":116.65744018554688,"orthographic":false}